{
  "CRIM": {
    "max": 88.9762,
    "mean": 3.6805341808,
    "min": 0.00632,
    "stdv": 8.7061433687
  },
  "ZN": {
    "max": 100.0,
    "mean": 11.3361581921,
    "min": 0.0,
    "stdv": 23.1754606211
  },
  "INDUS": {
    "max": 27.74,
    "mean": 10.9125423729,
    "min": 0.46,
    "stdv": 6.8487494592
  },
  "NOX": {
    "max": 0.871,
    "mean": 0.5520929379,
    "min": 0.385,
    "stdv": 0.1142258909
  },
  "RM": {
    "max": 8.78,
    "mean": 6.2691751412,
    "min": 3.561,
    "stdv": 0.7201805312
  },
  "AGE": {
    "max": 100.0,
    "mean": 68.3440677966,
    "min": 6.0,
    "stdv": 27.8508651049
  },
  "DIS": {
    "max": 12.1265,
    "mean": 3.7966110169,
    "min": 1.1296,
    "stdv": 2.1260961721
  },
  "RAD": {
    "max": 24.0,
    "mean": 9.5790960452,
    "min": 1.0,
    "stdv": 8.7327791381
  },
  "TAX": {
    "max": 711.0,
    "mean": 409.0875706215,
    "min": 187.0,
    "stdv": 168.9603460637
  },
  "PTRATIO": {
    "max": 22.0,
    "mean": 18.5050847458,
    "min": 12.6,
    "stdv": 2.1509934772
  },
  "B": {
    "max": 396.9,
    "mean": 358.7070056497,
    "min": 0.32,
    "stdv": 88.0177870227
  },
  "LSTAT": {
    "max": 37.97,
    "mean": 12.7243220339,
    "min": 1.73,
    "stdv": 7.1568875456
  }
}